{"ethnicity": {"cov": 0.7, "acc": 0.86, "maj": 0.46494464944649444}, "religion": {"cov": 0.57, "acc": 0.91, "maj": 0.7652284263959391}, "gender": {"cov": 0.65, "acc": 0.83, "maj": 0.7226993865030675}}